"C”DIGO DE LA SERIE",DMNPDE2010_P00000_PS_APU,DMNPDE2010_P00000_PS_AES,DMNPDE2010_P00000_PS_AEA,DMNPDE2010_P00000_PS_ACS,DMNPDE2010_P00000_PS_ALS,DMNPDE2010_P00000_PS_ASG,DMNPDE2010_P00030_PS_APU,DMNPDE2010_F20000_PS_APU,DMNPDE2010_F30000_PS_APU,DMNPDE2010_F31000_PS_APU,DMNPDE2010_F32000_PS_APU,DMNPDE2010_F40000_PS_APU,DMNPDE2010_F41000_PS_APU,DMNPDE2010_F42000_PS_APU
"N⁄MERO SECUENCIAL",2359317,2332388,2324922,2324345,2324348,2327192,2359319,2359320,2324955,2359307,2359311,2359313,2359314,2359315
"ALIAS DE LA SERIE","BE_11_B.1","BE_11_B.2","BE_11_B.3","BE_11_B.4","BE_11_B.5","BE_11_B.6","BE_11_B.7","BE_11_B.8","BE_11_B.9","BE_11_B.10","BE_11_B.11","BE_11_B.12","BE_11_B.13","BE_11_B.14"
"DESCRIPCI”N DE LA SERIE","PDE (SEC2010). AAPP. Deuda PDE. Total","PDE (SEC2010). Estado. Deuda PDE. Total","PDE (SEC2010). AAPP. Organismos de la AdministraciÛn Central. Deuda PDE. Total","PDE (SEC2010). CCAA. Deuda PDE. Total","PDE (SEC2010). CCLL. Deuda PDE. Total","PDE (SEC2010). Administraciones de Seguridad Social. Deuda. Total","PDE (SEC2010). AAPP. Deuda en poder de AAPP  (consolidaciÛn)","PDE (SEC2010). AAPP. Efectivo y depÛsitos","PDE (SEC2010). AAPP. Valores representativos de deuda. Total","PDE (SEC2010). AAPP. Valores representativos de deuda a corto plazo","PDE (SEC2010). AAPP. Valores representativos de deuda a largo plazo","PDE (SEC2010). AAPP. PrÈstamos. Total","PDE (SEC2010). AAPP. PrÈstamos a corto plazo","PDE (SEC2010). AAPP. PrÈstamos a largo plazo"
"DESCRIPCI”N DE LAS UNIDADES","Miles de euros","Miles de euros","Miles de euros","Miles de euros","Miles de euros","Miles de euros","Miles de euros","Miles de euros","Miles de euros","Miles de euros","Miles de euros","Miles de euros","Miles de euros","Miles de euros"
"FRECUENCIA","MENSUAL","MENSUAL","MENSUAL","MENSUAL","MENSUAL","MENSUAL","MENSUAL","MENSUAL","MENSUAL","MENSUAL","MENSUAL","MENSUAL","MENSUAL","MENSUAL"
"DIC 1994",249507617,207140004,2193976,21852040,16908024,7267799,5854225,2147152,188828478,70997232,117831246,58531985,6637806,51894180
"ENE 1995",252451585,207914576,2531044,23317961,17055002,7932319,6299317,2158803,185632672,67237143,118395529,64660110,7066221,57593889
"FEB 1995",259118750,214231990,2693035,23411431,17149292,8154868,6521866,2152474,192560234,72828086,119732148,64406043,6890987,57515055
"MAR 1995",261635991,214800869,3484347,23796256,17489136,8809797,6744415,2176087,193363934,69591541,123772393,66095970,7007981,59087989
"ABR 1995",259880528,213797673,2704739,24085346,17659768,8599960,6966958,2184043,192912753,69063264,123849489,64783733,6695279,58088454
"MAY 1995",262931318,216018529,2788019,24788451,17703317,8822509,7189507,2198734,195730942,69418336,126312606,65001642,6554274,58447368
"JUN 1995",272563277,224778709,3333535,24750747,18008973,9103368,7412056,2286778,205042489,74361693,130680797,65234009,6969539,58264470
"JUL 1995",274380327,226927349,2480495,25300398,18039082,9267601,7634599,2320604,208413060,77488999,130924060,63646663,6900924,56745739
"AGO 1995",277030145,229618668,2478192,25337013,17963270,9490150,7857148,2337983,211255990,77313946,133942044,63436171,6674899,56761273
"SEP 1995",279730531,231338869,3350932,25385337,18008556,9726534,8079697,2341134,214724035,76967982,137756053,62665361,7035965,55629397
"OCT 1995",276833408,229256119,2493053,25400132,18051100,9935244,8302240,2336541,212661162,72983913,139677249,61835705,7224684,54611021
"NOV 1995",277777226,229866202,2479395,25806754,17991873,10157791,8524789,2330942,213486311,71002698,142483613,61959973,7397113,54562861
"DIC 1995",283457294,233138688,3401497,26828620,17941327,10648512,8501350,2338302,216717260,71507793,145209466,64401733,7836106,56565627
"ENE 1996",287316119,237968294,2170763,27275284,18295527,10330150,8723899,2342339,219434392,71035664,148398728,65539388,8050644,57488745
"FEB 1996",289158590,239396259,2328339,27444123,18383618,10552951,8946700,2331188,221335378,69354830,151980548,65492023,7823510,57668513
"MAR 1996",292785560,242015473,2992127,27717103,18435740,10693221,9068104,2362436,224163870,69660632,154503237,66259255,8337708,57921546
"ABR 1996",293587313,242379095,2441935,28351662,18808371,10917705,9311454,2392042,225174560,71832452,153342108,66020711,8495682,57525030
"MAY 1996",293015714,241873162,2445182,28521387,18569733,11039374,9433123,2403324,224877140,70168008,154709132,65735250,8246685,57488565
"JUN 1996",295757596,243574493,3106928,28678251,18766695,11064352,9433123,2417262,226846080,69973739,156872341,66494254,8767634,57726619
"JUL 1996",297223913,245412615,2392634,29028019,18784394,11647730,10041479,2435380,228886169,70340444,158545725,65902364,8450024,57452340
"AGO 1996",294998718,243098837,2401860,29152136,18739635,11769399,10163148,2450708,223872171,66833569,157038602,68675840,8155609,60520232
"SEP 1996",302927591,250097684,3092820,29068713,18729487,12102035,10163148,2453609,233889989,72936138,160953851,66583993,8395615,58188378
"OCT 1996",307766446,255407304,2368627,29567606,18816659,11769399,10163148,2450861,239359043,74778861,164580182,65956542,8342321,57614221
"NOV 1996",310233359,257734962,2363111,29710474,18818561,11769399,10163148,2438119,241805110,77859455,163945655,65990130,8264915,57725215
"DIC 1996",319975811,264500609,3327165,30782271,18901575,13780344,11316153,2436425,248849631,81485079,167364552,68689755,8739783,59949972
"ENE 1997",319259104,265872040,2209112,31157030,18609097,13414328,12002503,2429949,250520757,81426793,169093964,66308398,8530352,57778046
"FEB 1997",315009878,261005990,2313851,31474936,18803271,13628000,12216169,2413367,246093793,79542058,166551735,66502718,8356255,58146463
"MAR 1997",319311355,263713605,3521505,31803086,18861322,13841648,12429811,2390834,249269160,79901036,169368124,67651361,9404084,58247277
"ABR 1997",323017233,268153406,2314829,32387038,18750124,14130332,12718495,2161460,253825299,78198039,175627260,67030474,8621092,58409383
"MAY 1997",331667900,276207238,2304280,32843831,18900709,14224390,12812547,2177387,262358206,77033275,185324931,67132307,8525214,58607092
"JUN 1997",326859750,268995067,3605895,33534886,19312053,14483528,13071679,2234134,260667619,72145690,188521929,63957996,9307800,54650196
"JUL 1997",327154326,270120372,2453009,33843227,19325863,14697488,13285633,2269830,262611740,67258545,195353196,62272756,8401722,53871034
"AGO 1997",330665786,273977198,2452527,33539682,19284519,14910847,13498986,2294898,267699325,66287046,201412279,60671562,8056129,52615433
"SEP 1997",330961479,273029445,3798810,33373071,19348286,15125408,13713541,2298186,266919475,57125493,209793982,61743818,8567700,53176118
"OCT 1997",330722842,274087774,2449813,33988199,18785183,15338767,13926894,2303859,268392180,50535223,217856957,60026803,7916522,52110281
"NOV 1997",329328003,272797616,2446025,33965789,18706695,15552727,14140848,2309897,267911719,45196602,222715117,59106386,7502536,51603850
"DIC 1997",333627253,274621204,4340340,34295152,18293725,16347559,14270727,2332734,270578334,42713609,227864725,60716185,7518971,53197214
"ENE 1998",336644707,279674794,2608671,34635868,18279598,15779603,14333828,2343789,275885978,41342709,234543269,58414939,7095607,51319332
"FEB 1998",341262114,283561530,2912925,34864173,18477710,16192498,14746723,2339235,280289055,40159603,240129452,58633824,6992644,51641179
"MAR 1998",343789160,284950947,4431059,34661476,18299897,16431100,14985319,2371440,282267236,36528278,245738958,59150483,6966462,52184021
"ABR 1998",342183006,284162414,2908136,35132033,18534636,16669101,15223314,2402594,282157839,30835394,251322445,57622574,6842938,50779637
"MAY 1998",343092299,285067561,2899439,35293804,18385708,16907102,15461315,2413841,282939179,28078180,254860999,57739280,7013546,50725734
"JUN 1998",349355679,289358481,4491287,35442339,18617779,17145103,15699310,2432901,287671312,25643007,262028305,59251466,8243110,51008356
"JUL 1998",350027709,291377279,2805407,35792091,18607140,17383104,15937311,2470719,289966750,20427524,269539226,57590240,7029865,50560375
"AGO 1998",347904179,290098089,2594345,35122382,18643565,17621706,16175907,2476585,288766744,20481222,268285523,56660849,6540365,50120484
"SEP 1998",353728052,293949492,4572113,35019889,18740753,17859707,16413902,2488070,293317470,20366009,272951461,57922512,7093374,50829138
"OCT 1998",357794369,298585369,3325789,35694425,18742974,18097708,16651897,2492758,298769686,20951801,277817884,56531926,6296947,50234979
"NOV 1998",354815251,288201129,10958334,35322355,18887615,18335709,16889892,2489003,288338713,21403648,266935065,63987536,10547800,53439735
"DIC 1998",346416957,284480190,5132534,36100054,19168564,18523520,16987905,2503297,285286317,22219472,263066845,58627343,5858736,52768607
"ENE 1999",345034716,284605553,3128334,36579043,19186172,18567394,17031779,2513330,285672582,22273718,263398864,56848805,5540430,51308375
"FEB 1999",347792449,287288149,3282120,36348444,19338121,18611767,17076152,2500646,288596984,22178349,266418636,56694819,5536718,51158101
"MAR 1999",350850706,288158914,4659380,36949775,19547022,18655744,17120129,2508330,290218516,23902278,266316238,58123860,6075082,52048777
"ABR 1999",347208797,285461386,3026407,37462042,19723348,18700021,17164406,2536787,287759033,24296606,263462427,56912977,5777711,51135266
"MAY 1999",351299009,289566817,3034067,37417064,19745447,18744141,17208526,2550052,291742385,24558063,267184321,57006573,5489470,51517103
"JUN 1999",353859629,290394101,4593164,37387470,19949279,18788568,17252953,2577587,292478845,24107735,268371110,58803197,6287704,52515493
"JUL 1999",347213548,285113622,3371916,37489747,19702648,18832394,17296779,2611446,288011088,22823478,265187611,56591014,5742164,50848849
"AGO 1999",349133939,287731479,3369419,36865746,19631680,18876514,17340899,2622859,290677174,24413847,266263327,55833906,5204499,50629407
"SEP 1999",352143633,290161094,4683617,36245102,19518206,18920640,17385025,2627434,293309258,24424138,268885120,56206942,5055471,51151471
"OCT 1999",350652571,289426282,3344108,36788654,19557911,18964767,17429152,2623067,292720338,23336742,269383595,55309166,4834568,50474598
"NOV 1999",355647234,294175906,3339038,36744239,19852436,19008887,17473272,2625004,297825324,22258991,275566332,55196907,4682274,50514633
"DIC 1999",362223472,298753638,4608868,37564926,19656156,18958697,17318812,2643492,302661945,21931562,280730383,56918035,5382158,51535877
"ENE 2000",361469075,299192013,4650723,37102812,19399643,18958697,17834812,2649706,302446522,20317736,282128786,56372847,5784948,50587899
"FEB 2000",363673949,300795076,4694377,37484574,19576037,18958697,17834812,2643859,304124375,19260433,284863941,56905715,6044817,50860898
"MAR 2000",362693773,299087038,4868284,37936126,19709940,18958697,17866312,2448421,303225158,18877421,284347737,57020194,5948228,51071966
"ABR 2000",360996144,296379713,4835409,38860110,19828528,18958697,17866312,2470028,299552008,18742542,280809466,58974109,6504245,52469864
"MAY 2000",362887252,298334298,4878404,38605832,19976334,18958697,17866312,2491868,301543830,19310254,282233576,58851554,6226186,52625368
"JUN 2000",365742702,301185763,5097935,38397603,20000516,18958697,17897812,2523434,304454545,19986219,284468326,58764723,6370889,52393834
"JUL 2000",369435709,304192522,5018748,39346190,19817364,18958697,17897812,2551405,308098432,18883961,289214471,58785873,6660288,52125585
"AGO 2000",367762765,303521070,4912315,38465673,19802823,18958697,17897812,2564332,307223883,16884980,290338903,57974550,6245382,51729168
"SEP 2000",369100436,304612611,5041142,38633010,19784288,18958697,17929312,2569814,308721264,15038560,293682704,57809358,5986773,51822585
"OCT 2000",371976984,306961983,5033963,39189507,19762147,18958697,17929312,2577987,311349595,14791125,296558470,58049402,5975068,52074334
"NOV 2000",373649183,308710705,5244450,38870774,19793870,18958697,17929312,2582940,313460113,14098262,299361850,57606131,5631914,51974217
"DIC 2000",374557237,309439129,5374665,39474226,19792729,18831547,18355059,2594690,314606853,13280956,301325898,57355694,5808667,51547027
"ENE 2001",369688816,304802744,5308881,39472406,19628297,18831547,18355059,2598728,309876179,13555585,296320594,57213909,6260411,50953498
"FEB 2001",369285747,303800912,5367131,39882707,19758510,18831547,18355059,2592346,309267748,13307064,295960685,57425653,6088098,51337555
"MAR 2001",372829621,307139706,5452543,40004627,19731758,18831547,18330559,2588403,312867677,12936393,299931284,57373541,5721222,51652319
"ABR 2001",372356420,305875522,5522483,40762679,19694748,18831547,18330559,2598242,311390246,13002646,298387600,58367932,6286410,52081522
"MAY 2001",374286514,308225349,5440386,40390449,19729342,18831547,18330559,2619788,313796988,13119042,300677945,57869739,5828748,52040991
"JUN 2001",377138238,310861544,5509905,40708938,19849364,18831547,18623059,2640415,316190153,12441854,303748300,58307670,6073479,52234191
"JUL 2001",379193620,311611007,5494811,41922564,19956750,18831547,18623059,2665603,317292639,12705075,304587563,59235378,7471450,51763928
"AGO 2001",377142269,310390208,5638538,41297102,19607934,18831547,18623059,2670459,316902633,12684164,304218469,57569177,6816726,50752451
"SEP 2001",378281092,311537052,5582894,41365110,19563049,18831547,18598559,2670772,318282943,12751703,305531240,57327378,6590381,50736997
"OCT 2001",378222740,310563850,5677094,42149440,19599369,18831547,18598559,2646996,317610850,12661594,304949256,57964895,7443216,50521679
"NOV 2001",377538635,310129694,5759627,41753517,19662811,18831547,18598559,2583992,317478411,12746767,304731644,57476233,6776023,50700210
"DIC 2001",378883415,309354793,6135186,43706299,20169699,18704397,19186959,2521727,318532106,13132327,305399779,57829583,6798777,51030806
"ENE 2002",379017848,308384027,5926552,44751250,20438581,18704397,19186959,1683601,318408693,13441116,304967576,58925555,7052723,51872832
"FEB 2002",375772547,304216578,6078488,45490871,20469172,18704397,19186959,1765199,313894354,13832861,300061493,60112994,7320835,52792159
"MAR 2002",379001637,309380484,6115669,43502501,20461046,18704397,19162459,1824166,319143927,14383841,304760086,58033545,6521208,51512337
"ABR 2002",382309603,311428019,6256762,44574065,20604058,18704397,19257697,1883172,322073166,14224878,307848288,58353265,6816584,51536681
"MAY 2002",385278475,316221715,6234775,44138445,20645179,18704397,20666036,1910607,325210250,14170265,311039985,58157618,6595465,51562153
"JUN 2002",383191140,314017738,6308943,44379771,20987715,18704397,21207423,1937193,322292816,14069305,308223512,58961131,6705555,52255576
"JUL 2002",378385918,308229039,6310000,46209360,20948083,18704397,22014961,1990380,317289570,16511088,300778482,59105968,7297541,51808427
"AGO 2002",375565938,307528333,6320446,44315784,20711940,18704397,22014961,2027891,316530888,14887570,301643318,57007159,5785827,51221332
"SEP 2002",381131103,313337951,6370521,44145693,20660090,18704397,22087548,2052235,322406645,15642405,306764240,56672223,5422824,51249399
"OCT 2002",382507526,314276063,6479235,44346411,20867301,18704397,22165880,2095858,324471961,16148416,308323545,55939706,5085289,50854417
"NOV 2002",382559797,314585204,6558074,45851698,20859893,18704397,23999470,2111326,323318195,16609980,306708215,57130275,5227179,51903096
"DIC 2002",384145341,314705350,6869571,46470791,21521637,18577247,23999255,2134424,323778620,15702354,308076266,58232297,6014388,52217909
"ENE 2003",379076924,309495465,6679486,46605443,21633539,18577247,23914255,2164211,318696756,18347643,300349113,58215957,6711937,51504020
"FEB 2003",381225091,311454852,6736619,46589887,21780742,18577247,23914255,2129921,321321504,17213815,304107688,57773666,6342335,51431331
"MAR 2003",381976075,312389498,6797895,46810174,21888766,18577247,24487505,2080347,321751006,17591331,304159675,58144721,6219061,51925660
"ABR 2003",388748555,318165843,6882774,47844993,22052357,18577247,24774658,2079560,327822026,17700504,310121522,58846969,7130682,51716287
"MAY 2003",385293604,315249421,7400859,48056828,22160201,17168553,24742258,2123124,325767276,17412389,308354888,57403203,6788472,50614731
"JUN 2003",389134304,318363535,7106565,48247798,22377267,18577247,25538108,2158015,328272936,16653451,311619485,58703353,6532287,52171066
"JUL 2003",386587967,315152465,7461272,49008314,22592600,18577247,26203931,2216371,325061228,17846547,307214682,59310368,7397955,51912413
"AGO 2003",379466305,311043086,7458365,48113717,22262415,17168553,26579831,2239350,320350259,16887436,303462823,56876695,6607120,50269575
"SEP 2003",382788224,314047788,7526664,48121385,22285323,18577247,27770183,2257689,322273958,16787870,305486088,58256577,6738165,51518412
"OCT 2003",381214619,312044029,7624626,48403109,22335791,18577247,27770183,2256437,320483537,16517904,303965634,58474645,6582185,51892460
"NOV 2003",381202619,314337967,7689128,47432010,22245143,17168553,27670183,2269260,323069284,17436379,305632905,55864075,5865332,49998743
"DIC 2003",382775032,312895896,7607589,49027796,22913942,18450097,28120287,2306967,321441284,16670743,304770540,59026781,6507438,52519343
"ENE 2004",386087478,318524404,7372095,50072527,22929186,17168553,29979287,2322894,324875687,16410284,308465403,58888897,7883253,51005644
"FEB 2004",385066596,317545980,7399911,49936561,22994877,17168553,29979287,2329120,324212185,14119126,310093059,58525291,7296019,51229272
"MAR 2004",388781458,321582539,7484278,50096214,23248184,18450097,32079854,2300785,326365725,15118576,311247149,60114949,7392837,52722112
"ABR 2004",389000044,321137142,7532005,50650275,23534235,18450097,32303711,2322520,325410558,13399079,312011479,61266965,8264773,53002192
"MAY 2004",389477062,322017793,7599005,50221709,23669622,18450097,32481164,2357612,326165424,15146643,311018781,60954026,7740266,53213760
"JUN 2004",390339830,323254093,7773414,50414513,23774376,18450097,33326664,2429740,326725830,13357675,313368154,61184260,7754293,53429967
"JUL 2004",384468806,317320862,7727026,51179985,24077882,17168553,33005502,2476868,321146624,15323911,305822713,60845314,7788002,53057312
"AGO 2004",380286428,314614593,7737211,50559397,23689332,18450097,34764202,2508796,316492633,13545779,302946855,61284998,7240312,54044686
"SEP 2004",386681667,321320144,7767183,50488661,23651234,18450097,34995652,2519106,323214024,15390079,307823945,60948537,7066242,53882295
"OCT 2004",378019954,312797137,7847619,50895291,23644906,17168553,34333552,2511884,316087312,14621241,301466071,59420758,6626687,52794071
"NOV 2004",387555905,322617812,8253357,51120101,23662292,18450097,36547754,2520960,321450523,15696474,305754049,63584422,5891011,57693411
"DIC 2004",389887930,323416698,8522470,52053662,24153049,18322947,36580895,2543040,320459553,15283545,305176009,66885337,6553963,60331374
"ENE 2005",396025596,327457763,8116533,53754557,24071592,18322947,35697795,2562423,325427584,16859822,308567762,68035589,7179361,60856228
"FEB 2005",391777823,322545138,8205473,54149870,24149691,18322947,35595295,2558635,320329356,14587132,305742224,68889833,7202851,61686982
"MAR 2005",394722055,324908624,8416228,55482688,24543282,18322947,36951714,2549667,321035904,14968590,306067314,71136484,6436184,64700300
"ABR 2005",388022373,322553915,8130793,53602923,24788948,18322947,39377152,2571834,319312946,12214188,307098758,66137593,5944414,60193179
"MAY 2005",382681810,325826182,8124037,45345191,24622799,18322947,39559346,2615867,324094762,13177299,310917463,55971181,5582559,50388622
"JUN 2005",393036823,325927914,8159893,55394479,24735903,18322947,39504313,2667895,324365274,11795352,312569922,66003654,5792247,60211407
"JUL 2005",376933053,319220132,8219968,46353372,24950154,18322947,40133520,2711839,317401564,12372368,305029195,56819650,6214281,50605369
"AGO 2005",373285910,316931089,8245740,45359612,24530841,18322947,40104320,2767559,314981940,11016820,303965120,55536411,5421855,50114556
"SEP 2005",390458626,323610893,8436563,55384181,24831785,18322947,40127743,2782541,321843323,11820935,310022388,65832762,5691517,60141245
"OCT 2005",377688939,320914163,8523739,44880241,24897426,18322947,39849577,2785262,319223098,11183437,308039661,55680579,5182324,50498255
"NOV 2005",382665149,325325126,8372509,46279717,24784714,18322947,40419863,2791884,325230370,12110308,313120061,54642896,3983054,50659842
"DIC 2005",393479085,322907079,8889454,57880141,25534636,18245987,39978213,2797723,323783923,11077185,312706739,66897438,4567012,62330426
"ENE 2006",377945472,317643217,8548665,47027493,25456524,18245987,38976413,2803368,319318995,11832022,307486973,55823109,4752514,51070595
"FEB 2006",377948250,318376160,8556565,45997117,25287485,18245987,38515063,2811802,320625039,10994002,309631036,54511410,4586433,49924977
"MAR 2006",393984385,323201073,8813627,57042607,25937598,18245987,39256507,2807608,325097603,12078321,313019283,66079174,4697230,61381944
"ABR 2006",379218908,318296339,8664862,46865764,26043463,18245987,38897507,2827039,320206171,10776299,309429873,56185697,5144612,51041085
"MAY 2006",379726432,318722926,8851646,46748472,26054908,18245987,38897507,2852864,321874099,11876989,309997109,54999469,4471778,50527691
"JUN 2006",390269629,317527923,9149365,57133900,27155279,18245987,38942825,2910358,321211871,10961114,310250757,66147401,4735110,61412291
"JUL 2006",383933861,320867263,8960025,48138558,26921700,18245987,39199671,2951066,324260597,11791559,312469038,56722198,6011095,50711103
"AGO 2006",379765656,319308109,8660459,46323343,26728613,18245987,39500855,2988543,322297005,11246595,311050409,54480108,4213001,50267107
"SEP 2006",394583451,322623975,8995930,57451367,26979992,18245987,39713800,3015161,325715265,12235851,313479414,65853025,5160962,60692063
"OCT 2006",377463209,314670161,8996653,46913896,26904035,18245987,38267523,3031347,319553830,11618059,307935772,54878032,4666512,50211520
"NOV 2006",381052317,317650792,9041668,48197049,26959332,18245987,39042512,3041950,322958742,12291383,310667359,55051624,4585000,50466624
"DIC 2006",392132170,316757155,9611732,59125625,27534258,18169028,39065628,3063768,321796803,11379059,310417744,67271599,4859458,62412141
"ENE 2007",386616267,322598307,9518055,48114562,27281943,18169028,39065628,3076442,327586115,12152211,315433905,55953710,4741254,51212456
"FEB 2007",387285276,322176752,9490954,48257496,28256674,18169028,39065628,3069204,327186698,11758291,315428407,57029374,5332036,51697338
"MAR 2007",398733537,324282118,9305148,59027564,28980306,18169028,41030627,3081736,327962840,14121234,313841606,67688960,5195349,62493611
"ABR 2007",386028660,321075451,9330478,49229326,28911104,18169028,40686727,3102375,325148787,13819832,311328956,57777498,5949084,51828414
"MAY 2007",387150338,323249691,9290403,49445965,28682453,17168553,40686727,3125701,327452636,16081729,311370907,56572001,5602817,50969184
"JUN 2007",400011762,325917630,9290723,59520785,28867411,17168553,40753340,3146662,330485280,15842834,314642445,66379820,6093094,60286726
"JUL 2007",380482987,317216902,8943467,48839005,28917075,17168553,40602014,3206439,321919483,17747630,304171853,55357066,5434845,49922221
"AGO 2007",375911061,315650887,8921087,48252731,28716496,17168553,42798693,3230519,318068536,18499422,299569114,54612005,4814064,49797941
"SEP 2007",391299887,320932871,8732216,58435581,28929094,17168553,42898428,3264930,323449427,21105046,302344381,64585530,5192278,59393252
"OCT 2007",371055541,307738009,8774517,50085372,28904732,17168553,41615642,3286874,312183930,22248841,289935089,55584737,4832273,50752464
"NOV 2007",374174686,311637289,7564224,50727040,28693222,17168553,41615642,3295884,315893388,25119338,290774050,54985414,4844165,50141249
"DIC 2007",384661956,312082531,6786557,61959637,29384556,17168553,42719878,3306554,313618471,26031053,287587419,67736931,4928097,62808834
"ENE 2008",365203613,305598037,6756758,48411844,28928336,17168553,41659914,3319102,308030090,29489601,278540489,53854421,5598039,48256382
"FEB 2008",369885803,309434845,6758616,49012669,29171034,17168553,41659914,3316250,311661880,31006785,280655095,54907672,6583512,48324160
"MAR 2008",380269889,308688030,6785317,63680252,29427167,17168553,45479430,3313740,307331305,30301012,277030294,69624843,6721955,62902888
"ABR 2008",368381239,309862861,7385623,49478828,29862966,17168553,45377591,3324714,310176344,31440374,278735971,54880181,6991812,47888369
"MAY 2008",373711813,314323879,7138692,50282747,30368990,17168553,45571048,3336622,314662844,31141398,283521446,55712347,6688658,49023689
"JUN 2008",390638162,315859753,7158996,66472734,30416197,17168553,46438072,3371945,315746008,32833736,282912272,71520209,7189862,64330347
"JUL 2008",377534353,321530167,7102604,50532880,30789783,17168553,49589633,3396288,318630302,32577956,286052345,55507764,6307853,49199911
"AGO 2008",378068365,323685749,7100219,50212604,30552777,17168553,50651537,3418990,319604636,34447733,285156903,55044739,5431027,49613712
"SEP 2008",403721889,333178412,7176354,66239069,30509758,17168553,50550256,3437084,328979116,36980888,291998228,71305690,6433087,64872603
"OCT 2008",387382231,330597355,6650550,51376655,30712044,17168553,49122925,3434068,327596180,41500057,286096123,56351983,7796826,48555157
"NOV 2008",406604073,348830202,6804118,52420461,30560032,17168553,49179293,3426693,346264537,48356729,297907808,56912842,7501975,49410867
"DIC 2008",440620965,362890043,5969839,74496989,31775025,17168553,51679484,3419592,356381443,52691874,303689568,80819930,8089154,72730776
"ENE 2009",440498288,364935600,6186720,73596922,31389976,17168553,52779484,3410964,357114170,58302654,298811516,79973154,8732551,71240603
"FEB 2009",457305237,379071283,6303129,75790372,31418724,17168553,52446825,3397839,372909608,60246204,312663404,80997789,9327411,71670378
"MAR 2009",473710175,392919826,6102258,79469455,31440921,17168553,53390839,3386223,387280732,64332394,322948338,83043219,9256228,73786991
"ABR 2009",486588493,408641150,6121582,79740598,31692908,17168553,56776299,3377045,401303981,69842888,331461093,81907467,9334898,72572569
"MAY 2009",492602105,416073009,4680972,81990885,31959845,17168553,59271159,3387361,405795890,70550217,335245673,83418854,9646536,73772318
"JUN 2009",511173392,427485318,4661730,88051487,32743698,17168553,58937393,3412914,418949126,72185518,346763608,88811352,12026302,76785050
"JUL 2009",510802673,428761736,4680839,86181468,34685227,17168553,60675149,3439427,419162140,74364075,344798066,88201106,11492445,76708661
"AGO 2009",513920956,434712605,4663848,86361313,34378932,17168553,63364294,3455181,422196274,76681550,345514724,88269502,11176154,77093348
"SEP 2009",533678179,450427085,4721865,90167087,34617971,17168553,63424381,3465758,438477916,78603242,359874674,91734505,10947605,80786900
"OCT 2009",544493301,460689782,4722949,90754544,34521855,17168553,63364381,3462231,450061140,81258667,368802473,90969931,11894669,79075262
"NOV 2009",560265172,473832654,7753319,91071851,34076093,17168553,63637297,3455969,466398871,85460833,380938038,90410333,11232589,79177744
"DIC 2009",569535358,479540600,8128915,93270496,34700405,17168553,63273610,3467626,472677790,86101758,386576032,93389942,9775266,83614676
"ENE 2010",561748894,471383013,8143300,92900725,35426914,17168553,63273610,3476385,464557230,85828356,378728874,93715279,11965106,81750173
"FEB 2010",569094792,478234815,8186021,95044106,36015499,17168553,65554201,3473087,470170940,80782919,389388021,95450765,13136346,82314419
"MAR 2010",586850728,490251076,8240517,101724500,36167731,17168553,66701649,3466165,485635826,79711122,405924704,97748737,12721428,85027309
"ABR 2010",586075402,492061938,6750383,102520452,36390666,17168553,68816589,3464753,485296638,74488304,410808334,97314011,12455589,84858422
"MAY 2010",594925708,499325350,6764808,104647738,36332343,17168553,69313084,3485965,492120635,72702074,419418561,99319108,12085191,87233917
"JUN 2010",609031983,508796795,6820657,111480500,36513902,17168553,71748424,3511672,500720255,71474243,429246012,104800055,12987782,91812273
"JUL 2010",608166408,508147079,6832837,111070919,36738546,17168553,71791526,3542373,499610060,71244364,428365696,105013975,12937119,92076856
"AGO 2010",608043161,514188271,6847025,109738502,36221390,17168553,76120579,3555391,501216748,71371726,429845022,103271022,11659914,91611108
"SEP 2010",620541066,522186545,6876758,114359971,36219979,17168553,76270740,3568053,509492525,70784786,438707739,107480488,12080390,95400098
"OCT 2010",634469477,535720834,6888492,115317808,35886853,17168553,76513063,3573538,523332253,73480496,449851757,107563686,11744942,95818744
"NOV 2010",640613385,541042963,6891535,117558650,35364743,17168553,77413059,3563957,530275311,71418510,458856801,106774117,10259324,96514793
"DIC 2010",649152530,544789801,6766843,124239198,35452660,17168553,79264524,3583531,533299766,68896608,464403158,112269233,8438141,103831092
"ENE 2011",662069033,552913507,8792348,125753381,36404100,17168553,78962856,3598017,543805879,67490154,476315726,114665137,10616723,104048414
"FEB 2011",678323641,562487920,13851509,127412528,37261861,17168553,79858729,3602134,557505971,67570303,489935668,117215536,11733618,105481918
"MAR 2011",691086365,571990217,15952021,131113590,37365714,17168553,82503729,3601743,566793167,62613006,504180161,120691455,12922982,107768473
"ABR 2011",684671412,563781070,15877135,131393946,37671927,17168553,81221219,3610123,562203049,61613300,500589749,118858240,14108808,104749432
"MAY 2011",692398266,571152843,16717120,134073265,37275654,17168553,83989168,3630054,571643636,63931383,507712253,117124577,12269103,104855474
"JUN 2011",710839618,582448110,17000413,140044829,37659889,17168553,83482176,3640790,583057851,65044659,518013192,124140977,16401779,107739198
"JUL 2011",704199493,572147442,18698791,139847908,37709864,17168553,81373065,3667928,576329662,65339497,510990164,124201903,17285831,106916072
"AGO 2011",703925916,573553245,18696373,139312071,36726648,17168553,81530973,3681447,577303446,65489256,511814190,122941024,16413951,106527073
"SEP 2011",713894705,581964638,18810244,141944504,36723040,17168553,82716274,3693033,584679317,65564700,519114617,125522355,17110790,108411565
"OCT 2011",711903499,574586994,22097272,140901954,36871760,17168553,79723035,3691015,584419255,67417726,517001529,123793228,15698458,108094770
"NOV 2011",723502438,584038537,22914680,142639021,35943327,17168553,79201680,3686928,595684474,70120602,525563872,124131036,14642075,109488961
"DIC 2011",743043162,598994968,25242883,145878702,36819169,17168553,81061113,3684907,609419413,74185225,535234188,129938842,15231750,114707092
"ENE 2012",757750097,615583714,25042100,145675094,37465149,17168553,83184513,3833927,623000718,69708518,553292200,130915451,17717783,113197668
"FEB 2012",770305097,623065466,27446102,147622159,37973292,17168553,82970475,3679550,633643436,66214084,567429352,132982110,17347672,115634438
"MAR 2012",781571151,632281485,28290496,151003143,38235895,17168553,85408421,3666139,638757870,60801911,577955959,139147142,17712708,121434434
"ABR 2012",775287369,623073213,28291056,151550348,38261397,17168553,83057197,3657338,628062038,57945393,570116646,143567993,16075983,127492010
"MAY 2012",792135163,627781258,36310115,153656302,41628597,17168553,84409662,3651863,629006705,52611153,576395552,159476595,17384227,142092368
"JUN 2012",810956183,629860431,54916715,172821854,46359500,17168553,110170870,3663797,631709068,50343868,581365200,175583318,20060621,155522697
"JUL 2012",810292261,624044784,55257106,174055904,45837383,17188343,106091259,3674215,628709281,50838318,577870963,177908765,20594471,157314294
"AGO 2012",807114109,626389066,55245336,171336132,45039717,17188215,108084357,3690918,628823517,50963380,577860137,174599674,18285564,156314110
"SEP 2012",823547009,645820923,55272305,172064658,45149472,17195409,111955757,3690061,646328976,57469457,588859519,173527972,17178013,156349959
"OCT 2012",823458747,640931558,60358071,171489261,44296508,17190543,110807194,3681097,646835660,61762960,585072700,172941990,17753482,155188508
"NOV 2012",837071741,658682765,65241788,170331342,43399006,17194926,117778086,3673803,661813205,65073932,596739273,171584733,16022056,155562677
"DIC 2012",927813291,711226507,152835364,189182735,44003035,17188197,186622546,3681197,706198531,71584543,634613988,217933563,15138771,202794792
"ENE 2013",941838186,718980475,179074042,182747828,43228013,17188322,199380493,3683178,717836556,69945901,647890655,220318452,15560422,204758030
"FEB 2013",986685841,734832499,198667925,187168090,44641536,17194798,195819007,3670985,746554039,77676451,668877588,236460816,15896842,220563974
"MAR 2013",1000282912,745250687,207534244,194226667,44952886,17187915,208869487,3672106,756872767,75775894,681096873,239738039,15166013,224572026
"ABR 2013",991948818,741323149,213567911,190361145,44730524,17191304,215225214,3677436,749365870,75288751,674077119,238905512,16191054,222714458
"MAY 2013",1011897578,760577720,215650890,190425382,44605784,17188459,216550656,3673083,778443172,75860442,702582730,229781322,16416759,213364563
"JUN 2013",1014644341,766803033,209933993,197924932,44534561,17201627,221753805,3673929,785843060,80618652,705224408,225127352,17871301,207256051
"JUL 2013",1018312268,767511522,212083750,196592497,44196167,17192607,219264276,3701507,789328038,85252239,704075799,225282722,17617353,207665369
"AGO 2013",1015728705,769085534,213049474,195233906,43387616,17189451,222217276,3709363,788794565,85118449,703676116,223224777,15600483,207624294
"SEP 2013",1024944801,778935554,211237930,200513066,43101499,17189801,226033049,3714380,796937148,87015453,709921695,224293272,16714076,207579196
"OCT 2013",1021528854,774805786,215846280,199000577,42154498,17747363,228025649,3690355,794546543,89871811,704674732,223291956,16330934,206961022
"NOV 2013",1018809559,782313560,220618151,196376387,41811307,17195045,239504891,3688319,803634744,91747901,711886843,211486495,12485608,199000887
"DIC 2013",1025805218,788930626,198384936,210520008,42109482,17187330,231327164,3696413,807604141,92740388,714863753,214504665,12078329,202426336
"ENE 2014",1032673046,796118222,194304161,211935940,42031878,17187419,228904574,3711679,818060328,92364581,725695747,210901038,13775832,197125206
"FEB 2014",1041021785,804867517,194288162,214559513,42261541,17187756,232142704,3712289,828357577,90081233,738276344,208951919,10782998,198168921
"MAR 2014",1053637804,813144029,205309362,225722553,41907240,17188348,249633728,3726296,830185290,86023526,744161764,219726218,10719587,209006631
"ABR 2014",1045276271,806341930,208937807,224909638,41902340,17191709,254007153,3737171,822284166,84260396,738023770,219254934,10281354,208973580
"MAY 2014",1058898270,821906905,208802218,222959045,42642817,17188688,254601403,3766697,836262518,85172547,751089971,218869055,10634353,208234702
"JUN 2014",1066326725,831394064,208196703,228965776,41990047,17203429,261423293,3803518,845510695,88136743,757373952,217012512,11546114,205466398
"JUL 2014",1059540137,850006528,165879784,228274445,40892635,17195622,242708877,3848758,842157543,86432832,755724711,213533835,13335438,200198397
"AGO 2014",1063585289,854400339,165844453,227488163,41274261,17198606,242620533,3856724,846107603,85668944,760438659,213620962,12069689,201551273
"SEP 2014",1073485591,865684611,166122591,232877161,40783234,17200390,249182396,3863081,856831678,87419239,769412439,212790831,11676093,201114738
"OCT 2014",1068545984,856287623,165654496,233428643,40688868,17188716,244702362,3844040,851116350,88139867,762976483,213585594,12547216,201038378
"NOV 2014",1074262985,862866224,162691839,232342144,40723867,17201530,241562619,3852160,857150077,90375960,766774117,213260748,11922894,201337854
"DIC 2014",1085165385,870818662,165391081,237941057,38329059,17187960,244502435,3847349,864857980,90967626,773890354,216460056,11619505,204840551
"ENE 2015",1085755261,870866864,101671173,239214488,38517151,17188022,181702436,3864512,863788489,92331140,771457349,218102261,13900213,204202048
"FEB 2015",1090046480,877514317,101077037,239532570,38713599,17192686,183983729,3873854,870387096,85551654,784835442,215785530,12770856,203014674
"MAR 2015",1095972020,883684595,100123956,241483064,38274479,17189848,184783921,3877834,878628194,84447713,794180481,213465992,13800001,199665991
"ABR 2015",1082092015,873250472,100616159,247374625,38265217,17188072,194602530,3892496,867938414,83983480,783954934,210261106,13731301,196529805
"MAY 2015",1089927572,882281524,100554196,249999908,37845259,17186940,197940255,3915725,876895931,84839318,792056613,209115916,12992841,196123075
"JUN 2015",1101278009,896636219,97124066,251062333,37723315,17196005,198463930,3948031,890447715,85040473,805407242,206882263,13916980,192965283
"JUL 2015",1088530895,888349135,97007395,250725400,37287190,17192713,202030938,3980766,881940201,86894752,795045449,202609928,13698075,188911853
"AGO 2015",1097810998,898907789,97116499,251563220,36855446,17199150,203831106,4001451,892275284,88238426,804036858,201534263,11943079,189591184
"SEP 2015",1111249571,912446080,96604767,254303368,36780319,17196568,206081531,4018029,904132027,88733400,815398627,203099515,13488546,189610969
"OCT 2015",1105580393,907695361,97439595,254430362,36111315,17186075,207282315,4024897,900022134,88907063,811115071,201533362,12710713,188822649
"NOV 2015",1115879286,912084470,96942571,255492103,35397379,17193598,201230834,4039815,910898226,90366887,820531339,200941245,12118955,188822290
"DIC 2015",1114129000,917460528,91763751,263259203,35108954,17188376,210651812,4056259,912968030,90040246,822927784,197104710,11238648,185866062
"ENE 2016",1116447018,915557439,91707284,265427229,34932552,17189074,208366558,4068172,913502154,89955203,823546951,198876693,13513390,185363303
"FEB 2016",1122355853,925410256,91261230,264723240,35356451,17189791,211585115,4081024,919194994,91813210,827381784,199079835,13414711,185665124
"MAR 2016",1136250404,938503288,91126991,265974267,35030337,17187918,211572398,4088940,933391711,91184430,842207281,198769753,13981177,184788576
"ABR 2016",1122459194,922369966,88849208,265917161,35545386,17178545,207401073,4093438,919200872,89331299,829869573,199164883,13397008,185767875
"MAY 2016",1126154337,926669607,87819723,267600903,35752182,17179006,208867085,4113560,923987529,85890512,838097017,198053248,12902438,185150810
"JUN 2016",1145228687,939270135,89169121,273537122,35082913,17174090,209004694,4133217,942128962,89689414,852439548,198966508,14556293,184410215
"JUL 2016",1141187358,937775250,86586476,274814897,35276528,17173329,210439122,4165559,938671337,89126040,849545297,198350462,12140917,186209545
"AGO 2016",1141981677,940622178,86634759,274277386,34786912,17172811,211512369,4191266,940699135,87855391,852843744,197091277,10436767,186654510
"SEP 2016",1146892275,949662413,81482340,272695856,34630026,17173789,208752149,4202521,951571992,88164194,863407798,191117762,10135356,180982407
"OCT 2016",1144340641,939969504,82343274,274275370,34674322,17174139,204095969,4211268,948140046,90058540,858081506,191989327,11742584,180246743
"NOV 2016",1138956088,944280417,82449149,270696514,31193672,17173206,206836871,4230906,953059669,90530455,862529214,181665512,9680300,171985212
"DIC 2016",1145655013,951368334,79431662,276995068,32196838,17173045,211509934,4246992,957107245,82242148,874865097,184300776,9485453,174815323
"ENE 2017",1153306839,955567545,79508628,278520264,31928193,17173083,209390874,4249299,956293300,82390797,873902503,192764240,18524952,174239288
"FEB 2017",1156191932,957202331,79903061,279494574,32061645,17176049,209645728,4255188,966715109,86425476,880289633,185221635,11239527,173982108
"MAR 2017",1166487979,968927680,78879755,279349598,31669301,17172737,209511092,4255244,977614149,84216485,893397664,184618586,11388694,173229892
"ABR 2017",1154902585,957061155,78338490,281517925,32314747,17172637,211502369,4266551,967036479,82847048,884189431,183599555,10814833,172784722
"MAY 2017",1165238844,968258443,78256127,284398981,31674248,17172448,214521403,4297784,978763815,81167519,897596296,182177245,10237235,171940010
"JUN 2017",1175559782,976867132,76256235,285896973,32388377,17172822,213021757,4338468,989233053,81149534,908083519,181988261,12043279,169944982
"JUL 2017",1171069004,973165129,76126451,284287661,31886714,23157338,217554290,4377808,987952209,79652646,908299563,178738987,9576618,169162369
"AGO 2017",1170197999,976137467,76105900,284175898,30902833,23186256,220310355,4396972,988621446,76826528,911794918,177179581,8795491,168384090
"SEP 2017",1177415780,982902888,74413941,284386647,30509008,23187347,217984051,4418378,996591738,77146181,919445557,176405663,8579023,167826641
"OCT 2017",1170805811,976862837,74807615,285873299,29833668,23184850,219756458,4435967,990143242,76482736,913660506,176226602,8036113,168190489
"NOV 2017",1179768293,988006729,75261466,286242408,29531136,27363721,226637167,4450798,1002969896,79084043,923885853,172347599,7481057,164866542
"DIC 2017",1184148267,997624248,71725169,288117844,29034366,27393064,229746425,4461905,1008853943,79599741,929254202,170832419,8844433,161987986
"ENE 2018",1185099014,996733288,71677302,287556824,29016276,27363113,227247789,4477498,1008100126,78074730,930025396,172521391,10193419,162327972
"FEB 2018",1196935223,1008238166,72726079,287159318,29124768,27387270,227700377,4483615,1022651823,75857271,946794552,169799785,9944456,159855329
"MAR 2018",1200603758,1015300887,70893961,289688222,28950428,27362635,231592375,4495537,1026839802,73501057,953338745,169268419,9769818,159498602
"ABR 2018",1191004200,1006952984,70357572,289707856,28815679,27362106,232191997,4510430,1017819641,72402714,945416927,168674130,10125278,158548852
"MAY 2018",1195583001,1011883302,70084320,290850275,28868421,27386610,233489927,4528508,1025675704,70676617,954999087,165378790,9591969,155786821
"JUN 2018",1203666985,1021883414,69162424,293385041,29370965,34888050,245022909,4568258,1031802307,69794338,962007969,167296419,12101818,155194601
"JUL 2018",1200487758,1018978851,69243821,291750417,28717660,34887827,243090819,4613599,1031627185,70526251,961100934,164246974,10286236,153960738
"AGO 2018",1202841722,1023319461,69402107,291079981,27775685,34862751,243598262,4633837,1035545728,69441379,966104349,162662157,9111153,153551004
"SEP 2018",1215480337,1036645659,67619733,292441377,27988486,34862854,244077772,4661350,1046678278,69113804,977564474,164140709,9936874,154203835
"OCT 2018",1200841847,1023136734,67506286,292429254,26871830,34863535,243965792,4675019,1038257991,69840220,968417771,157908837,9366046,148542791
"NOV 2018",1209808067,1032627873,67418977,293245039,26424702,41193206,251101730,4693626,1048590021,71680937,976909084,156524420,6089789,150434630
"DIC 2018",1209741798,1035740018,66255731,293395933,25779930,41194229,252624042,4707327,1048895369,79932669,968962700,156139102,7722114,148416988
"ENE 2019",1210671570,1036538703,66615078,292351419,25823688,41193425,251850743,4715260,1048275750,79387501,968888249,157680560,7182281,150498279
"FEB 2019",1220517309,1046667288,66082389,293552662,26130464,41192637,253108131,4717944,1058260863,79530123,978730740,157538502,7247460,150291042
"MAR 2019",1232530867,1058548255,64632077,296926428,25970858,43068085,256614837,4728950,1069282443,78212113,991070330,158519474,9171475,149347999
"ABR 2019",1215880044,1042797819,63814680,297196503,26330349,44946038,259205345,4739820,1053668170,72530881,981137289,157472054,8404907,149067147
"MAY 2019",1228056101,1052127622,63993183,298837777,26039581,46820890,259762951,4760286,1063427807,72947786,990480021,159868008,7477205,152390803
"JUN 2019",1243204610,1066198156,64019821,300633141,26233443,48693118,262573070,4790429,1076840272,73514604,1003325668,161573909,10555173,151018736
"JUL 2019",1229554033,1053187780,63760624,299437387,26467950,49943695,263243402,4822049,1065054231,72175856,992878375,159677753,8175344,151502409
"AGO 2019",1231946928,1056123615,63731963,298623247,25618111,51193004,263343012,4826786,1069248945,71429246,997819699,157871196,8838816,149032380
"SEP 2019",1239629574,1065347107,63145566,298077916,25244475,52444716,264630206,4850791,1077237939,72083081,1005154858,157540844,8401999,149138845
"OCT 2019",1226797146,1051604979,62960048,298900826,25467837,53694339,265830883,4849972,1063415883,71661285,991754598,158531291,9014667,149516625
"NOV 2019",1223816780,1051850451,62971628,297288361,24621085,55024086,267938832,4870469,1062376182,73287496,989088686,156570128,8192485,148377643
"DIC 2019",1224363768,1056162572,63116716,295079640,23231399,55024338,268250896,4876395,1065483205,73361130,992122075,154004168,6876106,147128062
"ENE 2020",1231372141,1059803028,62836247,295822743,23108272,55024677,265222826,4880663,1064618599,73593143,991025456,161872879,15287427,146585452
"FEB 2020",1236969167,1064935759,59505114,298111856,23300058,55024614,263908234,4887585,1075425763,73146804,1002278959,156655819,10230356,146425464
"MAR 2020",1259789010,1090149024,59417273,298278994,22872386,55024766,265953433,4914735,1094660191,73449920,1021210271,160214084,13410495,146803589
"ABR 2020",1270733557,1100435638,59571051,301269712,24223190,55023479,269789513,4921708,1105045697,84323283,1020722414,160766152,13053188,147712964
"MAY 2020",1293853337,1123104163,59335082,302494807,24432713,60023754,275537182,4930018,1127929001,89639107,1038289894,160994318,13099173,147895146
"JUN 2020",1326196252,1155197799,58451676,305689566,24971467,68854782,286969038,4942496,1159564464,93228404,1066336060,161689292,13310342,148378949
"JUL 2020",1326125732,1154557653,59124520,302810179,25025994,68859300,284251916,4952677,1160612546,96659147,1063953399,160560509,10083420,150477089
"AGO 2020",1333673871,1162534828,59131441,302466032,24556701,72604709,287619840,4956259,1168197210,98882349,1069314861,160520402,9439672,151080730
"SEP 2020",1343507727,1172652149,59528105,301869789,23742916,74854789,289140021,4961299,1179092347,100657393,1078434954,159454082,9096750,150357331
"OCT 2020",1341361790,1164475506,59386945,302686176,23464443,77104616,285755896,4962949,1168261128,98902414,1069358714,168137714,8420778,159716936
"NOV 2020",1347934432,1168858078,58945737,304215902,22701569,85354479,292141331,4967021,1169716743,96571209,1073145534,173250668,6704349,166546319
"DIC 2020",1346916369,1167296978,58711953,303991809,21952507,85355664,290392541,4958857,1167044025,90989643,1076054382,174913487,5019533,169893954
"ENE 2021",1350838413,1169893154,58162090,303703490,22626736,85354022,288901079,4934758,1169596641,90286843,1079309798,176307014,5516522,170790493
"FEB 2021",1369431582,1188941411,57986169,303261499,22864295,85353527,288975319,4924525,1187545392,87885494,1099659898,176961665,6127816,170833849
"MAR 2021",1395208421,1211064912,57097139,307685406,22747920,85355365,288742321,4920638,1201343812,87452544,1113891268,188943970,8632225,180311746
"ABR 2021",1391831919,1203745922,57180665,310853101,23357019,85355017,288659804,4916712,1195720820,86634872,1109085948,191194387,5367560,185826827
"MAY 2021",1404690902,1216797790,56655276,309871751,23285648,85353784,287273347,4922943,1204722839,83648087,1121074752,195045120,6304780,188740339
"JUN 2021",1427031776,1236439610,56976389,312030907,23438711,91854940,293708783,4928453,1224554869,82044933,1142509936,197548453,8484642,189063811
"JUL 2021",1418513129,1225907979,55965230,311306016,23246251,91853831,289766178,4935458,1215051710,81111228,1133940482,198525960,5546872,192979088
"AGO 2021",1421750201,1230754254,55671637,313145549,23249104,91854190,292924533,4950017,1219392993,80342452,1139050541,197407191,5793440,191613750
"SEP 2021",1434673200,1245941908,55809582,312293789,23101203,91854859,294328141,4960897,1233305937,79937199,1153368738,196406367,7469073,188937294
"OCT 2021",1424123847,1236363180,55793905,311331742,23168012,91854413,294387405,4966414,1224300617,80910692,1143389925,194856816,7287197,187569619
"NOV 2021",1428641033,1242437865,55051323,312418017,23055309,93854322,298175803,4977927,1230263782,82337524,1147926258,193399324,6224357,187174967
"DIC 2021",1429403591,1246217739,48873954,312610436,22779585,97185239,298263362,4983037,1234304112,88087693,1146216419,190116442,4613523,185502919
"ENE 2022",1427266069,1244010972,48895135,310274403,22787758,97184526,295886725,4993033,1233238635,88320203,1144918432,189034402,5074974,183959428
"FEB 2022",1443754109,1263655779,47474993,309827188,22925452,99186027,299315330,5006091,1251074463,92866764,1158207699,187673556,4573651,183099904
"MAR 2022",1456014149,1275694506,47772167,309765530,23166218,99187115,299571387,5015544,1260426204,86799772,1173626432,190572400,5639744,184932657
"ABR 2022",1447592862,1265663881,47855037,310678896,23171655,99185070,298961677,5023312,1249802983,80923459,1168879524,192766567,5310110,187456457
"MAY 2022",1458669967,1277557077,47393499,313704544,23692483,99183859,302861494,5041276,1260519304,75156813,1185362491,193109387,5742152,187367235
"JUN 2022",1477521588,1296000272,47209704,316685362,23551542,99185100,305110392,5069684,1278827429,73261006,1205566423,193624475,6779954,186844521
"JUL 2022",1489167295,1308942780,47154620,314367887,23842808,99184857,304325657,5089599,1291595878,72257200,1219338678,192481817,5820053,186661765
"AGO 2022",1493820858,1315209863,46911131,316097256,23416251,99183981,306997625,5108431,1297657398,70699670,1226957728,191055030,6133940,184921089
"SEP 2022",1505974934,1330443548,46736271,314866697,22817331,99191646,308080558,5130193,1311848290,69755145,1242093145,188996451,6107098,182889353
"OCT 2022",1499279954,1323282217,46512874,316148847,22753790,99193531,308611306,5144663,1305278605,67900868,1237377737,188856685,6136404,182720281
"NOV 2022",1508008479,1333046915,46469362,316819912,22965131,106175655,317468497,5155330,1313265529,66579801,1246685728,189587619,5968051,183619569
"DIC 2022",1504105075,1332600225,44459495,317092779,23050337,106177718,319275478,5150751,1314947307,65599237,1249348070,184007018,5679782,178327236
"ENE 2023",1491420363,1320719896,43826906,315490213,22843999,106170038,317630689,5162113,1305645838,64630723,1241015115,180612413,5411740,175200673
"FEB 2023",1521575531,1350561190,42819124,317831185,22942503,106168815,318747286,5172704,1336050382,62257244,1273793138,180352445,5152624,175199821
"MAR 2023",1536723086,1365162873,42476582,322408951,23063321,106171767,322560408,5170982,1348689765,68915857,1279773908,182862339,6155347,176706991
"ABR 2023",1527497710,1357688950,42162058,321710881,23435111,106169759,323669048,5178605,1340825441,75410940,1265414501,181493664,4927409,176566255
"MAY 2023",1543116788,1372541980,41834698,325605370,23603657,106169389,326638307,5192828,1354914722,81608492,1273306230,183009239,5426438,177582800
"JUN 2023",1570119310,1398209358,42033244,327349229,23744851,106173860,327391232,5208806,1380631990,81416431,1299215559,184278515,7939142,176339372
"JUL 2023",1558918276,1391595220,41605072,325837458,23536667,106169473,329825614,5222581,1373408496,81237151,1292171345,180287200,5033097,175254103
"AGO 2023",1564811675,1398325473,41268876,325919097,23251408,106171791,330124969,5235481,1380140939,80870309,1299270630,179435255,5160631,174274624
"SEP 2023",1578812365,1413749798,41280898,325485215,23254805,106172006,331130357,5250632,1395379297,81472788,1313906509,178182436,5340664,172841772
"OCT 2023",1573289744,1410784294,41166743,323618302,22937870,106170301,331387767,5267431,1391673039,82024913,1309648126,176349274,4929969,171419305
"NOV 2023",1577052411,1415718591,40755626,324459126,22889077,116172314,342942323,5278370,1396593451,81585631,1315007820,175180591,4789489,170391102
"DIC 2023",1575376739,1414969709,40398087,325241902,23314013,116172555,344719527,5286365,1397720504,71666287,1326054217,172369870,4824474,167545396
"ENE 2024",1584744631,1424943121,39996797,324146852,23208606,116171970,343722715,5273460,1408110374,70554899,1337555475,171360797,5980899,165379898
"FEB 2024",1604128141,1443345341,39245492,327880949,23093907,116170786,345608333,5286846,1427389306,70401206,1356988100,171451989,5104525,166347464
"MAR 2024",1614713237,1459236414,39113191,328939760,23141140,116170335,351887603,5264968,1437850477,70802589,1367047888,171597793,5293244,166304549
"ABR 2024",1606142201,1451284727,38821901,329231397,23252220,116169775,352617819,5274986,1429414892,71024035,1358390857,171452324,5854520,165597804
"MAY 2024",1601750873,1445241561,38567686,332881795,23455691,116169014,354564873,5284503,1423424590,71326707,1352097883,173041780,5953826,167087955
"JUN 2024",1625667594,1468912264,38530117,337473872,23527093,116170520,358946271,5310640,1445943316,71270309,1374673007,174413638,8359651,166053987
"JUL 2024",1617216422,1465250605,37967198,334693829,23876117,116171211,360742538,5328599,1443954349,71180935,1372773414,167933475,5300061,162633413
"AGO 2024",1622504934,1474285298,37773313,333944525,23026915,116171148,362696266,5340643,1451041643,71996453,1379045190,166122647,4532819,161589828
"SEP 2024",1635730679,1489708505,37176664,333176875,23115050,116170961,363617376,5353919,1464499746,74032396,1390467350,165877014,5009005,160868010
"OCT 2024",1627875444,1479659533,37698647,334209548,23253586,116169696,363115567,5363882,1455199773,69871176,1385328597,167311789,4663296,162648493
"NOV 2024",1621908386,1474287422,37421242,334889930,22887712,126176502,373754421,5368384,1450012159,70847809,1379164350,166527844,3884614,162643229
"DIC 2024",1620573311,1473456582,36769997,335943565,22854554,126173282,374624671,5362650,1452295329,81210494,1371084835,162915331,4707791,158207540
"ENE 2025",1629925987,1481725466,36395976,335298801,22898051,126173430,372565736,5376820,1461157379,76583387,1384573992,163391788,4845633,158546155
"FEB 2025",1646430635,1497585532,35814796,336047610,22963732,126172994,372154028,5380799,1476761200,77753555,1399007645,164288637,4656544,159632093
"MAR 2025",1667376159,1518204122,35685768,338147646,22851896,126173790,373687063,5383570,1498091559,78196118,1419895441,163901029,5324920,158576110
"ABR 2025",1663159082,1514078354,35559918,338450099,23008578,126173661,374111527,5391063,1492612092,75542712,1417069380,165155926,5215544,159940383
"MAY 2025",1663356787,1509367456,35353040,335868098,23213131,126172843,366617781,5406080,1489511138,76257904,1413253234,168439569,6094350,162345219
"JUN 2025",1690905638,1534474110,35113141,342794879,23331373,126177793,370985659,5433386,1513251008,75837648,1437413360,172221244,7701223,164520021
"JUL 2025",1680331445,1524865714,34724210,340027401,23498403,126173762,368958046,5463025,1504395644,69831262,1434564382,170472776,6070446,164402330
"AGO 2025",1699467830,1546171202,34726698,340242110,22689773,126173218,370535173,5482873,1508313400,69825323,1438488077,185671557,5935859,179735698
"SEP 2025",1709348857,1557967901,34800789,338803643,22477150,126173303,370873930,5490171,1518102489,69053565,1449048924,185756197,5864587,179891610
"OCT 2025",1693238203,1541840467,34333860,338999695,22008241,126174389,370118448,5499115,1502713421,75186005,1427527416,185025667,5587433,179438235
"NOV 2025",1698288669,1548738984,34360348,339130997,22049377,136178153,382169190,5509459,1511296540,74217270,1437079270,181482670,4939720,176542950
"DIC 2025",1698224580,1548912068,34241373,341642418,20729282,136178942,383479504,5514614,1515694040,75074263,1440619777,177015926,7485709,169530217
"ENE 2026",1706684170,1558731046,34010042,338542606,20786349,136178073,381563946,5526490,1526359366,82314390,1444044976,174798314,5016008,169782306
"FEB 2026","_",1573440922,"_","_","_","_","_","_","_","_","_","_","_","_"
"FUENTE","","","","","","","","","","","","","",""
"NOTAS","","","","","","","","","","","","","",""
